<?xml version="1.0" encoding="UTF-8"?>
<project-private xmlns="http://www.netbeans.org/ns/project-private/1">
    <editor-bookmarks xmlns="http://www.netbeans.org/ns/editor-bookmarks/2" lastBookmarkId="0"/>
    <open-files xmlns="http://www.netbeans.org/ns/projectui-open-files/2">
        <group>
            <file>file:/C:/Users/Gabriel%20e%20Radyjagrau/Downloads/projetoFGabrielFernandes/ProjetoFinal/src/UI_Sakila/indexui.java</file>
            <file>file:/C:/Users/Gabriel%20e%20Radyjagrau/Downloads/projetoFGabrielFernandes/ProjetoFinal/src/UI_Sakila/SakilagUI.java</file>
        </group>
    </open-files>
</project-private>
